JnpUqK_51GM|20260929|2926|You Are The One | Taylor Wilkerson
SWAlf4TNOfc|20261005|2344|Vision Sunday | Taylor Wilkerson
1WW0d3FX7rc|20261005|405|GRACED FOR IT | Trinity New York 2027 Vision
4QAW4hvDdUs|20260923|300|Trinity Stories | Ezra
dh4IVYu4Yng|20260920|2760|Who's Your One? | Taylor Wilkerson
_AZpP2i-yoM|20260913|2636|Start Something New | Taylor Wilkerson
iNKnmWgBv04|20260908|2655|Graced For It | Kristen Wilkerson
RnPM4fzBBeY|20260831|1873|The Fire That Consumes | David Ryan Cook
m2zUbJHLK4c|20260823|2257|Beyond Culture | Jd Müller
QWWwiWCoQxI|20260819|312|Trinity Stories | Yemi
9V-YOOhKb10|20260816|2100|Pressed but not Crushed | Kindra Daniels
yyMeoefiC88|20260809|1576|Almost Obedience | Allison Carver
fhTRu_l0KlI|20260804|331|Trinity Stories | Javi
f_ULYeGlQFI|20260803|2155|X. Do not envy or covet  | Taylor Wilkerson
kGkQQoClPMs|20260801|305|Trinity Stories | JO
FmDMg7kH3PQ|20260726|3198|IX. Do not lie about people | Taylor Wilkerson
1kNv7lBWMtg|20260719|2337|VIII. Do not Steal | Taylor Wilkerson
_Z7X2_ldwE0|20260712|2505|VII. Do not commit adultery |  Kristen Wilkerson
DhPLAORXjWg|20260706|1985|VI. Do not Murder | Phil Cook
EgyjR2wYRPw|20260628|2744|IV. Observe the Sabbath |  Taylor Wilkerson
addJiemLFrQ|20260622|2148|V. Honor your father and mother |  Taylor Wilkerson
isPXh69quiI|20260615|2341|III. Do not misuse God's name |  Taylor Wilkerson
zs1XzM-sP-0|20260609|2697|II. No Idols |  Taylor Wilkerson
zAyYMXC30P4|20260531|2749|I. No Other Gods |  Taylor Wilkerson
OEqIGVbm88I|20260525|2889|Do you hear him? | Taylor Wilkerson
70PVqMrqouI|20260518|2303|You are Established | Church Girl Sunday
PvBOi6jgkdM|20260511|2556|The walk is the worship | Taylor Wilkerson
F-Cb2RtOiW0|20260503|3423|You Are an Ambassador | Taylor Wilkerson
G91ZIUtwBkc|20260427|2914|It's a Heart issue | Taylor Wilkerson
J5Sx9BvHv3c|20260419|2029|We’re Just Getting Started | Taylor Wilkerson
JkBQotiepeo|20260413|2281|RSVP| Kristen Wilkerson
09kClrOUwpE|20260407|314|Trinity Stories | Clayton
cKaJMU3W1tY|20260405|2144|Defeating Darkness | Taylor Wilkerson
S1yq1hwEoc0|20260329|2990|Why are you crying? | Taylor Wilkerson
rhKdW_ZYUyA|20260323|3177|God keeps receipts. | Rich Wilkerson Jr.
xEgXP3rOq5E|20260323|263|Trinity Stories | Adam & Pebel
68Ig8FnLtEQ|20260315|2054|Sow in Faith, Reap in Heaven | Greg Ward
5udKWsMRxb4|20260310|259|Trinity Stories | Yorel
nnG8zmLSTcU|20260310|4127|The tithe is not enough | Taylor Wilkerson
XdgjLlpF8R8|20260302|2463|Myths & Truths about money | Kristen Wilkerson
7LrrNVwt5wQ|20260224|2754|The power is in your partners | Dr. Robyn Wilkerson
sUbO2epOhxg|20260211|306|Trinity Stories | Khrystyne Jaspers
nitLe6N2r-4|20260209|3231|Are you compatible? | Taylor & Kristen Wilkerson
uu5I6RRqpzs|20260202|2420|The Miracle in the Storm | Taylor Wilkerson
TQtbgLMpw9M|20260126|255|Trinity Stories | Yorhely
saEFhdxibPg|20260119|3333|Holy & Healthy | Taylor & kristen Wilkerson
__bzaf__tyY|20260111|2884|How to win with people? | Taylor Wilkerson
Z1JtYbajalc|20260105|2633|If you don't quit, You win| Kristen Wilkerson
LUFERb_OVZw|20251229|2187|It Ends Here | Taylor Wilkerson
DQER2gJJCuc|20251224|2062|Come home for Christmas | Taylor Wilkerson
bezZTFoN5ZI|20251215|2231|Who's invited for christmas? | Taylor Wilkerson
EaZDHQzSAro|20251208|2700|Homesick for Heaven | Taylor Wilkerson
7o9SQ0GANKw|20251201|2867|HOW TO receive from God again? | Taylor Wilkerson
S4_gjrHTOP0|20251124|285|Heart & soul — Taylor + Kristen Wilkerson — Trinity New York
YJyp7po1OLs|20251124|2981|Why we give | Taylor Wilkerson
lrHYKi1Zk7U|20251116|2915|It's a matter of when | Taylor Wilkerson
RLzmx6ha9yk|20251110|2820|One of the 300 | Taylor Wilkerson
4i0_7YrfOyE|20251103|2941|Finish what HE started | Taylor Wilkerson
dxZ5Fr7TPRI|20251027|2289|Building for Jesus | Taylor Wilkerson
R9MrTiNuQi4|20251019|2959|Becoming like Jesus | Taylor Wilkerson
s8sk0jgImvo|20251013|3662|A Seed Anointing | Dr. Allen Griffin
C9p9bwqf84E|20251006|3096|Belong With Jesus | Taylor Wilkerson
GjN2DEmJv_o|20250929|3124|Heart & Soul | Vision Sunday | Taylor Wilkerson
rJLDoDRttp8|20250922|1626|Becoming Untangled | Pastor Phil Cook
BN1szb6PSfg|20250915|2357|Carried to the Table | Trinity New York
S8gt7YWadnI|20250908|2774|At the table | Taylor Wilkerson
L0ia1V9Hyts|20250901|2103|How to leave a legacy | Kristen Wilkerson
PGHZbFnmE44|20250825|2578|Having a Godly strategy for stress | Taylor Wilkerson
ThjCb-iDN7s|20250818|2230|The summer I stayed free | Kristen Wilkerson
3KbuFuEE0Jk|20250811|2750|Open House | Taylor Wilkerson
2KnY-KNTqu4|20250804|2702|God Wants To Bless You | Taylor Wilkerson
raAQBv7_svo|20250728|2198|Master class (Fruit of the spirit) | Kristen Wilkerson
MW67uyheBE0|20250714|2300|The Strength Of Gentleness | Kindra Daniels
EP305aULULY|20250721|2988|Live Faithfulness | Taylor Wilkerson
N5PrMxjNk8o|20250706|2675|God is Good | Taylor Wilkerson
ftk0wTpJMl8|20250623|3001|Whose Vision | Joey Furjanic
xjZeGMgYTqk|20250630|2995|Still Here, Still Kind | Taylor Wilkerson
MMA6LqgJG4A|20250615|2744|Fruit of the Spirit: Peace | Taylor Wilkerson
QQU9R6hn6X0|20250610|1963|The Process to Produce | Kristen Wilkerson
dpNdeilNuZU|20250603|3315|Fruit of the Spirit: Love | Taylor Wilkerson
Gp79JXMpgj0|20250528|3363|God is Always Bigger Than my Problem | Pastor Robyn Wilkerson
gBkK_nCQOkA|20250528|2384|Looking for a good report | Kristen Wilkerson
tnGa1si_Op0|20250513|1427|Your Legacy | Taylor Wilkerson
2EAE7kNxeF8|20250507|3432|Receiving The Holy Spirit | Taylor Wilkerson
D-DgqdgLgW8|20250507|3604|Failing God | Taylor Wilkerson
iLbPsAlTRUE|20250422|2998|I've Witnessed It | Taylor Wilkerson
94W-3ENmaGU|20250415|3059|Crossroads | Kristen Wilkerson
aedFevS7avA|20250410|2387|Hold The Rope | Taylor Wilkerson
VG2ZZFMNUyk|20250410|3046|He Is Not Like Us | Kristen Wilkerson
WWo2YyL5nv8|20250325|2933|Islam, Judaism & Christianity | Taylor Wilkerson
zGiwQQqUpxw|20250318|2397|Who Is Jesus? The Truth Jehovah’s Witnesses & Mormons Get Wrong | Taylor Wilkerson
NT-vJ_ZEdFg|20250311|3391|Zodiac Signs, Tarot Cards & Jesus | Taylor Wilkerson
4ZgjDUb7KiI|20250304|2405|Jesus, Buddha & New Age | Taylor Wilkerson
Nt2zTmVLZ6Y|20250225|3287|What Wish We Knew Before We Got Married | Taylor & Kristen Wilkerson
V_aAJGl4Ydk|20250218|2558|Overcoming Heart Break | Dr. Robyn Wilkerson
tJK7QAYdV_I|20250211|3083|How To Build Better Relationships | Taylor Wilkerson
Y0vt1958VNI|20250204|3438|Who Do You Love? | Taylor Wilkerson
ASreTFQ4-00|20250129|3009|The Anatomy of a Miracle | Taylor Wilkerson
c7_1h549L00|20250121|2441|But Even Now | Rudy Nikkerud
OklLN1_KPro|20250114|2300|Can't Compare | Kristen Wilkerson
BgL0TXoRdVI|20250106|3307|Make Room For New | Taylor Wilkerson
KJPghxxMpT8|20250106|2740|Start Right Now | Taylor Wilkerson
aI6pL-svBDo|20241227|2146|The Light Of The World | Taylor Wilkerson
-NFehRy7JxA|20241216|2493|How To Glorify God | Taylor Wilkerson
9a4lI0jLiXg|20241209|3175|Pass It Down | Kristen Wilkerson
7ww7y6eHPXM|20241203|2154|God's Gift | Taylor Wilkerson
1ENK4hhvaiI|20241126|3055|Vision Sunday | Taylor Wilkerson
UoVKh1gxDvk|20241118|2792|Generosity Journey | Taylor Wilkerson
eR66-DntyRo|20241112|2710|More Than Money | Taylor Wilkerson
5f_vPk3EOUo|20241104|2424|Mindsets of Money | Taylor Wilkerson
jTkBfBU6kMA|20241028|2438|When I Grow Up | Kristen Wilkerson
9OU6FaI2sTA|20241027|2662|Do They Know Him Yet | Taylor Wilkerson
-mBn7qvZlNg|20241023|479|YET I still dare to hope - Vision Sunday 2024 - Trinity New York
FHs-mYcdh0w|20241015|2859|Pile It On | Taylor Wilkerson
GENNqGkoels|20241008|2990|Are We There Yet? | Taylor Wilkerson
FwqN88DvQ8E|20240930|3133|Vision Sunday | Taylor Wilkerson
LmJfZmd-DJs|20240923|2596|Dear God.. Why Is This Happening To Me? | Taylor Wilkerson
Bdc35JE-5a8|20240917|3358|Dear God.. Can You Help Me? | Taylor Wilkerson
oM0rjIupYsY|20240909|3214|Dear God.. Are You Listening? | Taylor Wilkerson
1peAMHxY1sY|20240903|2086|How You Got Here | Pastor Rich Wilkerson
Uf4WJNIHxNM|20240826|2688|Jesus The Overcomer | Pastor Rex Duval
pIf1FW0LcDw|20240818|3354|Better and Brighter  | Taylor Wilkerson
PYZaIq-MyRw|20240811|2811|Stretching Season  | Kristen Wilkerson
s1A9vLAtpRc|20240805|2777|The Struggle Is Real | Taylor Wilkerson
iZrafBcFpkc|20240729|3606|Reclaiming Your Joy | Taylor Wilkerson
EfIoHk8kINU|20240722|2419|Reasons God Gave Us A Tongue | Pastor Phil Cook
3S5e4Vt6BY4|20240721|234|Trinity Stories Jordy
18WKC88N6PY|20240715|3200|Return, Don't Replace | Taylor Wilkerson
mEDPRxB0XL4|20240708|2060|Born Again | Kristen Wilkerson
1ZORsOSIejg|20240701|1630|Passion Is Our Pursuit | Taylor Wilkerson
7lLJO99CzfA|20240624|2624|Honor Is Our Calling | Kristen Wilkerson
fkZoYieZjro|20240617|1790|Servant Leadership Is Our Identity | Taylor Wilkerson
J160LqqT2fg|20240610|2488|Excellence Is Our Spirit | Taylor Wilkerson
gSVfvPAu_v8|20240603|3233|Generosity Is Our Privilege | Taylor Wilkerson
ZP9gX9lj42Y|20240527|2742|People Are Our Heart | Kristen Wilkerson
s3szFSM-E40|20240520|3563|Jesus Is Our Message | Taylor Wilkerson
MIvyJ59NS4g|20240513|2765|Handling Stress | Taylor Wilkerson
fxKYBHqiMdE|20240506|2984|Prophet, Pharaoh & Plagues | Taylor Wilkerson
moGerx_rs_Q|20240429|2639|Holy Ground | Kristen Wilkerson
oqGU8OGkfFY|20240422|3343|Healing Your History | Taylor Wilkerson
sOFbrVlYdlU|20240415|2848|Taken. Blessed. Broken. Given. | Taylor Wilkerson
J9BH0nJwaKU|20240408|3224|Eclipsing The Son | Taylor Wilkerson
snx7fWoWIHA|20240401|2683|He Is | Taylor Wilkerson
23qAv67roo0|20240326|2598|Extra Credit | Kristen Wilkerson
--621IVuN1w|20240318|2246|The Prodigal & The Lie | Kindra Daniels
sy9J9Ouqhjg|20240311|2717|Lost Coin | Taylor Wilkerson
k2KpWrz5h3w|20240304|2381|The Lost Sheep | Luke 15 |Taylor Wilkerson
YkrcfkOB2d0|20240226|2483|The Baby In The Baby Carriage | Kristen Wilkerson
kbaaTub_4ts|20240219|2614|At My Worst | Taylor Wilkerson
nccmlUEqsaY|20240212|3490|Improving Your Game | Taylor & Kristen Wilkerson
Bvs9Lhh1NcI|20240205|2715|The Gift of Singleness | Taylor Wilkerson
CvZwjZnXtr8|20240129|2180|Let It Flow | Taylor Wilkerson
ivtjd8DXpjQ|20240122|2941|Follow The Anointing | Phil Cook
j45jt3sgq0c|20240115|2401|Give Me Your Ear | Kristen Wilkerson
4W7GfS3ETnY|20240108|3133|Building Belief | Taylor Wilkerson
kNOzZgUNJ5Q|20240101|2781|How To Prosper In 2024 | Taylor Wilkerson
CUOK3Zymqzs|20231225|2695|What You Really Want For Christmas | Taylor Wilkerson
2GKa9jXsyQ4|20231218|2681|The Proximity Of Peace | Taylor Wilkerson
NcXbIxlYZnU|20231211|2485|How To Hope Again | Taylor Wilkerson
xrnUX0-viNg|20231204|2776|The Redeeming Factor | Kristen Wilkerson
AJE1HvzHUOI|20231127|2341|Not Gonna Lie | Allison Carver
wiGcmJjBFRw|20231120|2261|The Path To Prosper | Taylor Wilkerson
2lHCAUtyGQk|20231113|2823|Live For Legacy | Taylor Wilkerson
JZZ3twXHEhs|20231106|3268|Vision Sunday | Taylor Wilkerson
V-zLuTJF--Y|20231029|2202|Purpose Over Plastic | Taylor Wilkerson
M1gUlJFhf2I|20231024|2736|Anyone Can Change | Taylor Wilkerson
t7yT8prAXKg|20231016|3492|People Aren't Perfect | Taylor Wilkerson
VXiWCA93m3w|20231009|2233|Positioned For The Promise | Hollie Jo Hepler
1fU9G-fD0w8|20231009|2129|The 11th Hour | Johanne Wilson
1K4e2SdlCPw|20230925|2516|Preparing To Hear God | Taylor Wilkerson
4XCfarUdC-g|20230918|1724|Holy Spirit Prayers | Pastor Phil Cook
t2SjuvXd50o|20230910|2652|When God Does Amazing Things | Taylor Wilkerson
VUE7rGRFfwM|20230904|2391|Seeking God | Taylor Wilkerson
Iqn0jOCs9-Y|20230820|2537|What Is Heaven Like? | Taylor Wilkerson
P5hZn-dArIs|20230828|2591|Every Second Counts | Taylor Wilkerson
98e0wjoorLY|20230813|2819|Caught Up | Kristen Wilkerson
nQocNpMdPJw|20230731|2050|A Day Called Delight | Taylor Wilkerson
So8VUZSFBlw|20230812|3042|He's Coming Back | Taylor Wilkerson
zipRLL6Gqa8|20230730|3323|Sabbath Sunday at Trinity | July 30, 2023
KRDiS5a7aVM|20230724|1995|I Can't Keep This Up | Devante Tidwell
VPgdANvN_h8|20230716|2486|He's Good On His Word | Kristen Wilkerson
mqpCRskN4XI|20230710|2635|It's In Your Hands | Taylor Wilkerson
ulxMR098Pis|20230702|1850|Why Joy Matters | Pastor Todd Crews
BPUHvVIkQsU|20230626|2825|Somethings Never Change | Taylor Wilkerson
N3RhLVI2t2M|20230619|2110|Your Heavenly Father | Angel Treviño
Se0QFd2jyqo|20230612|3168|Man After God's Heart | Taylor Wilkerson
SQzpl92rnOc|20230605|3394|Anointed To Lead | Taylor Wilkerson
4f0lp3443CE|20230528|2546|Surviving The Storms Of Life | Pastor Mike Burnette
ApqcawUQYe8|20230521|2270|Walk Different | Taylor Wilkerson
tUYjqSfPlXI|20230514|2959|Mother's Day | Ashley Wilkerson
CCg9nKb8NiM|20230508|3060|7 Principles Of Financial Wisdom | Taylor Wilkerson
gQk3hCmfUMU|20230430|2417|What's The Point? | Kristen Wilkerson
b72AYcUVXyY|20230424|2964|5 Essentials To Fulfill Your God Given Potential | Taylor Wilkerson
QBK35xk10nA|20230417|2648|3 Things God Wants For You | Taylor Wilkerson
mWhodGfDwLk|20230326|3170|Can You See Clearly | Taylor Wilkerson
uj5421q1YeU|20230402|3034|What Path Are You On | Taylor Wilkerson
2HqYQxi_XAo|20230320|2916|We Have Everything We Need | Kristen Wilkerson
N9SFFyFfHTQ|20230313|3365|You've Heard It Wrong | Taylor Wilkerson
E9IIqTRSdF8|20230306|2908|Pass The Salt | Taylor Wilkerson
hwU-a2GW-n0|20230226|3343|What Is Love | Taylor & Kristen Wilkerson
kGDFQpbVAYA|20230219|3200|Defining Love | Taylor Wilkerson
Y1IaWVOZ-wc|20230212|2337|Everyone Has A Sojourn Season | President Scott Hagan
u7PtVH1O41A|20230205|3171|My Body Is Telling Me Yes | Rich Wilkerson Jr.
JUJVCv2Yb5I|20230205|2493|MindSET Reset | Rich Wilkerson Jr.
P4kYHcBoDRk|20230129|1733|The Miracle Is In The House | Kristen Wilkerson
N-5VC53RRc4|20230122|2585|How To Stay Standing | Taylor Wilkerson
A8XVeg8xchQ|20230116|2784|The Secret To Powerful Prayer | Taylor Wilkerson
iRLLHvf6G0c|20230109|2767|How To Start 2023 | Taylor Wilkerson
h4UD8jtV87c|20230101|1409|2022 Reflect | Trinity New York
iXSfNL01to4|20230101|2714|New Years Service | Trinity New York
5Tvx4yypZ0M|20221225|1372|5 Promises When Fear Comes | Kristen Wilkerson
PIo4Bi4hojM|20221225|2625|Christmas At Trinity | 10AM Service
coFxDHlmtII|20221224|1275|The Nativity | Taylor Wilkerson
TUzJW4MzQ6s|20221224|2617|Christmas Eve at Trinity New York
oOIhZknPwck|20221218|2145|The Gift | Taylor Wilkerson
GlLU9bQS_8s|20221211|2894|3 Best Christmas Gifts In 2022 | Kristen Wilkerson
5PAWiswgyCM|20221204|2147|How to share Jesus with family and friends | Taylor Wilkerson
irvyQPeHFYw|20221127|285|5 Habits For Guaranteed Joy
bkan9DaoSE8|20221127|1978|How To Live With Joy | Taylor Wilkerson
pSf_iKejCN0|20221127|3225|November 27, 2022 | FULL SERVICE
-B02dpPVm9c|20221124|604|Thanksgiving Day Encouragement | Kristen Wilkerson
19luz36ztSY|20221124|1792|Thanksgiving Day| FULL SERVICE
atoSpdHs9kA|20221120|2171|How To Marry The Right Person For Life | Pastor Phil Cook
NBw0VyPI-OM|20221106|2988|Do We Know What To Practice | Taylor Wilkerson
T7JaqgTIObw|20221113|3040|Well Built | Taylor & Kristen Wilkerson
7ywp2hdG2rI|20221030|2656|A Time To Rebuild | Kristen Wilkerson
Xq6tMPrZYq8|20221024|3454|Relationships | Pastor Robyn Wilkerson
4E97yCfZU7M|20221016|2714|How To Be Used By God | Taylor Wilkerson
qk_S7z551zE|20221009|3010|Why does God want me to Tithe? | Taylor Wilkerson
loHgWzvLJPc|20221003|2783|What God Wants | Taylor Wilkerson
Gc-Hcbu13cY|20220925|2745|The Future and The Fall | Kristen Wilkerson
8lU3cfWwb20|20220918|3651|Why did God create Adam and Eve? | Taylor Wilkerson
4cD_hZtBz1k|20220911|3134|Why Did God Create Earth? | Taylor Wilkerson
Fve4IJwDLkU|20220904|2643|Prayer Is A Team Sport | Kristen Wilkerson
d4hDGm01JSs|20220828|2601|How To Approach God | Taylor Wilkerson
BxTiEnm7mcM|20220821|2348|How do I pray so God hears me? | Kristen Wilkerson
dBvn9NvlveE|20220815|3567|Time For Renewal | Taylor Wilkerson
QLIQYexfaLY|20220807|3774|I Want The Cross | Pastor Rich Sr.
_zTYInweHkg|20220731|2038|How To Be Used By God | Taylor Wilkerson
_nkWy35T7Ao|20220724|2207|Remember Your Why | Kristen Wilkerson
P7og52nTBLQ|20220710|3945|Freeborn | Terrance Wilson
Bpk-Lw32W6s|20220703|2360|Deep Isn't Complicated | Beth Kolacki
28C0fVV8Obo|20220626|2854|I Want To Know God's Will | Taylor Wilkerson
Ueh7yHA0qbc|20220619|2008|Change Your Name | Dan Rivera
kE2KVN2uIOA|20220612|2468|Change Your Thinking, Change Your Life | Taylor Wilkerson
fvLRIaW1rjk|20220605|2669|When You're Spiraling and Want To Get Your Mind Back | Kristen Wilkerson
2iUZQSwvSLk|20220529|2824|Don't Take The Bait | Taylor Wilkerson
xuP1vgPTq_w|20220523|2371|Obstacle or Opportunity | Kristen Wilkerson
a2GKkdqcQGY|20220515|3149|Drop Your Stones | Taylor Wilkerson
gGQEvWA9Twk|20220508|2331|Becoming Royal | Kristen Wilkerson
PH4UAiRF4xc|20220502|3228|How To Be Great | Taylor Wilkerson
kJR5D1ZVCQk|20220425|2143|Don't Quit Digging | Kristen Wilkerson
wPTA_AS8Pu8|20220418|2632|New, But Not Normal | Taylor Wilkerson
fD1vlUMrhug|20220404|3771|Will You Ever Be Satisfied | Taylor Wilkerson
yP5BorzQCqs|20220411|2754|Finish What You Started | Taylor Wilkerson
A1BV9HCk8M8|20220329|3896|He Has Done It | Taylor Wilkerson
dm8b0VqlA4k|20220314|2404|Words Of Jesus From The Cross | Pastor Phil Cook
IhgKk4Wxuvw|20220322|3167|You Can't Do It Alone | Taylor Wilkerson
fb6g1D0UnhQ|20220307|2265|When Forgiving Is Hard | Kristen Wilkerson
aS_ibG3fhnc|20220228|3098|Fight For It | Pastor Taylor and Kristen Wilkerson
issgxOpsysA|20220220|4318|Love The Season You're In | Taylor & Kristen Wilkerson
2G6g1JS-3fc|20220221|3056|This Is How We Do It | Taylor Wilkerson
LpUY85v8Dr4|20220209|4297|How To Find The Perfect One | Taylor Wilkerson
5KZJA3RyVYo|20220130|3406|Positioned For Purpose | Taylor Wilkerson
idL-NoFw41w|20220129|2526|The Friend Everyone Needs | Kristen Wilkerson
7Rexv-YciPw|20220118|2152|Get Comfortable With Being Uncomfortable | Beth Kolacki
qmEemApmLpE|20220102|1785|Do It For A Day | Pastor Mark Batterson
0tIB0niJVLw|20211228|2528|Created In The image of God | Pastor Phil Cook
OyD9sinNBjU|20211206|3426|Vision Sunday 2022 | Taylor Wilkerson
8jsohf6wnC0|20211129|3267|What Will You Be Known For? | Taylor Wilkerson
i4slbIDPvRs|20211123|3516|How Do We Give | Taylor Wilkerson
cTJDozLhsAE|20211115|3119|Why Do We Give At Church? | Taylor Wilkerson
3ll-Q9EIw6o|20211108|3159|3 Lies We Believe About Money | Taylor Wilkerson
sQ0KRMAd-t8|20211101|2864|Critical Christians Part II | Kristen Wilkerson
Q_mHuFXn8eE|20211025|3238|Vocational Discipleship | Taylor Wilkerson
bJR1RYkcXgs|20211018|3810|Meaningful Relationships | Taylor Wilkerson
dwm_6r8sXMI|20211011|2628|Understood The Assignment | Kristen Wilkerson
wg1C4t3YSzk|20211003|3723|Experience Jesus | Taylor Wilkerson
tdFYzsz0cvs|20210927|3606|Built To Last | Taylor Wilkerson
bABtYyE8zOU|20210920|2814|Im Still Figuring It Out | Kristen Wilkerson
qcvhKNil84k|20210913|2967|Anyone and Everyone | Taylor Wilkerson
DPFV3yw5ApM|20210905|1971|Sow Good | Kristen Wilkerson
GusVdHsh31w|20210829|1667|Free From | Taylor and Kristen Wilkerson
QCP751PVYLQ|20210815|2732|Now That You Know | Taylor Wilkerson
7gj43T1CB1I|20210822|1297|Neither Do I Condemn You | Pastor Phil Cook
iT7l5VyK_dI|20210808|5827|Sunday At Trinity | August 8, 2021
SCk5c2Fb3-w|20210808|2544|One Team. One Heart | Taylor Wilkerson
RvAzLliiu8c|20210801|2526|Get Off The Ladder | Taylor Wilkerson
QjqCeoGvAYY|20210725|1755|What Are You Trying To Prove | Kristen Wilkerson
0EoR2v6yg5s|20210711|2679|Soul Satisfaction | Pastor Jimmy Rollins
-R3PZBqPBdY|20210718|2874|When Your Motivations Are Right | Taylor Wilkerson
6caEomaUhdw|20210704|2215|Belong. Become. Build | Trinity New York Team
HDtsr-L97Bk|20210627|1745|Kristen Wilkerson | You've Got Problems, God's Got Promises
VYDzNMXFxQo|20210620|1541|Father's Day | JF Wilkerson
sm_H8S7eJc4|20210614|3407|It's Time To Take A Turn | Taylor Wilkerson
lWFGC--CZpk|20210607|2707|Critical Christians | Kristen Wilkerson
jVf3iO2Ldl0|20210530|2733|A Church The World Needs | Taylor Wilkerson
zW9HL7e2qvg|20210524|3504|Stop Limiting Yourself | Taylor Wilkerson
DQ33HIe-agI|20210516|3093|Jesus Changes Everything | Taylor Wilkerson
ATxaFOxneyE|20210509|1747|Mother's Day | Pastor Maria Durso
FOxQXIjb3m4|20210502|2763|When You Feel Far From God | Kristen Wilkerson
1c9Xiq4YYng|20210425|2148|Ripe For Revival | Kristen Wilkerson
ar90qc5MTNA|20210418|1895|Rocky Places | Pastor Phil Cook
ewGzmGIAdz4|20210412|2774|Path Problems | Taylor Wilkerson
ajBq1-FpS9w|20210407|1929|It's The Cross For Me | Kristen Wilkerson
NczmDss0_Zk|20210328|1720|Hide and Seek | Kristen Wilkerson
L4vglUpNRWo|20210405|2356|He Did It For You | Easter Sunday
USTmie6cNzw|20210321|2596|I Am Reliable | Taylor Wilkerson
Pkuu0YFb2ak|20210314|2953|I Need Some Help | Taylor Wilkerson
5BmRDO-B-_k|20210307|2641|Sharing Hope - Taylor Wilkerson
TsaGBz2yUU0|20210228|3012|Lead With Love | Taylor Wilkerson
6KMjA45C_xE|20210214|2556|Back At One | Kristen Wilkerson
aM6mum56Kk4|20210228|3692|It's Complicated | Taylor and Kristen Wilkerson
fI7UiI3_IN0|20210208|1585|Life's Greatest Aim | Taylor Wilkerson
Gg_ci0bdl2I|20210131|1814|Healthy For The Harvest | Taylor Wilkerson
kNrEMbJ5NNI|20210124|1562|Something Good | Rich Wilkerson
1onDjzDADUw|20210118|2373|No Means Know | Micheal Leach
ot71xq6fHSU|20210110|2333|Strong and Courageous | Terrance Wilson
ganbLqk6ct8|20210103|2911|The Game Is Fixed | Taylor Wilkerson |
pl0QSaMB60c|20201227|2860|Rich Wilkerson Jr | To God Be The Glory | Trinity Harlem
in8fdPGlM5k|20201224|1706|Carry The Light | Taylor Wilkerson Christmas Eve
hFn8j12GdQU|20201220|2135|You Can't Cancel Christmas | Taylor Wilkerson
Oit6lykdfy4|20201214|2481|The Best Gift | Taylor Wilkerson
VMZXi1a7nHk|20201129|1892|Comfortably Uncomfortable | Kristen Wilkerson
1lqctF2IDok|20201206|3146|Because You Believed | Taylor Wilkerson
mQMhSehSYgk|20201123|3604|Sourdough | Trinity Harlem
SNSPkG_5l9U|20201123|3240|Have Ye Received | Trinity Harlem
XBsJDeGigHg|20201123|3577|Are you sure you want to follow Jesus? | Trinity Harlem
8lRA3V4t3aM|20201123|3214|Tell The Story | Trinity Harlem
NBGbCH-HA1w|20201123|3567|5 Ways To Deal With Difficult People | Trinity Harlem
Nt7O9lj__4I|20201123|3354|Unmoved | Trinity Harlem
pfj6menBkGo|20201123|3917|Keep Your Head Up | Trinity Harlem
KH5JVNClu2I|20201123|3296|But What I Do Know | Trinity Harlem
RDwtfV-Utoc|20201123|3992|Run With The End In Mind | Trinity Harlem
drmZ0l0iLmA|20201123|5124|On God's Side | Trinity Harlem
6XPB1p4a3Q4|20201123|4602|Repurposed | Trinity Harlem
UlDTQStDBdw|20201123|3793|Run With The End In The Mind - Part 2. | Trinity Harlem
Z7x4hyZDsBw|20201123|5194|Start Right Now | Trinity Harlem
t88fwFyweNE|20201123|4476|Living A Legacy | Trinity Harlem
yFCXbqf-Heg|20201123|5068|Quitting Christianity | Trinity Harlem
NZP0naMenXo|20201123|3509|Can't Cancel Family - JF Wilkerson | Trinity Harlem
roL70HW_M4M|20201123|3565|Know Your Story | Trinity Harlem
YuEPCAnRtfc|20201123|3578|Love Starts At Home | Trinity Harlem
dYy-1ZuvsJ8|20201123|3426|As Long As I Live | Trinity Harlem
Sqq-SiWs45w|20201123|3294|Renew Relationship | Trinity Harlem
yQUQzXZs73I|20201123|3600|Renewed Hope | Trinity Harlem
FgppXdhX8nY|20201123|3811|Mother's Day | Trinity Harlem
uYTPZglyL_8|20201123|3393|Plan For Pandemic | Full Service
h1guHIdzCto|20201123|2735|Apple to Oranges | Trinity Harlem Full Service
Lng8Za0rE1g|20201123|2672|4.19.20 Full Service | Trinity Harlem
IF23SfZvItg|20201123|3040|Easter Sunday | Full Service
a827yJVn3dQ|20201123|3034|Good Friday | Full Service
cBdFsgh3q8g|20201123|3538|Purpose on Pause | Full Service
93bbdFamC30|20201123|3295|Finding Peace in Pandemic | Taylor Wilkerson 3/22/20
V8lwmJu-iZQ|20201123|4136|The Grip of Gratitude | Trinity Harlem
pSMMazwm9DQ|20201123|192|Give Thanks Campaign - Sponsor a Bag 2020
-fTaW7rPlNg|20201123|2833|Everyday is Thanksgiving | Taylor Wilkerson
ETIR2hqR1B0|20201123|4866|Everyday is Thanksgiving | Trinity Harlem
Iw2cTssspGo|20201115|2250|The Grip of Gratitude | Kristen Wilkerson
Nar4flsGNuI|20201101|3327|Start Right Now | Taylor Wilkerson
TaQbaa11AdQ|20201025|2998|Quitting Christianity | Taylor Wilkerson
c6qJ5BIVwU0|20201018|2396|Living A Legacy | Kristen Wilkerson
W4GCUCM--n0|20201012|3242|On God's Side | Taylor Wilkerson
duLSxhsIhaQ|20201004|2213|Repurposed | Kristen Wilkerson
EMQTt8S40vA|20200927|2894|Run With The End In Mind - Part 2. | Taylor Wilkerson
-ffuOSsHLWg|20200920|2839|Run With The End In Mind - Part 1. | Taylor Wilkerson
qYX_y-WIni0|20200913|2111|But What I Do Know | Kristen Wilkerson
si3ac7YfP9A|20200908|2893|Keep Your Head Up | Taylor Wilkerson
Hd73uwJADKE|20200831|2246|Tell The Story | Taylor Wilkerson
4eOy0RhFAVo|20200824|1955|Unmoved | Kristen Wilkerson
Lt4YIaGCEa8|20200817|2584|5 Ways To Deal With Difficult People | Taylor Wilkerson
IRTqdqJ4CLo|20200810|2194|Have Ye Received? | Kristen Wilkerson
iC-dBTu6-7U|20200803|2482|Sourdough | Taylor Wilkerson
alGz4rIyl-A|20200727|2202|The Final Word | Kristen Wilkerson
L2GYzuzPHOc|20200720|2981|Crowding Jesus | Taylor Wilkerson
NN90Aq5sADE|20200713|2545|Are You Sure You Want To Follow Jesus? | Kristen Wilkerson
bLISJIu47IU|20200706|2381|Know Your Story | Taylor Wilkerson
PshOwNvRlR8|20200628|1886|As Long As I Live | Kristen Wilkerson
3sNQIcN2fLI|20200622|2688|Father's Day | Trinity Harlem
BKEVHd3aF1Y|20200615|2583|Can't Cancel Family | JF Wilkerson
gKwQA5QjIfE|20200608|2229|Love Starts at Home | Taylor Wilkerson
vD69kANud3c|20200603|6720|Jesus and Justice | Trinity Harlem Full Service
1Ns6CzXydSQ|20200518|2316|Renewed Hope | Taylor Wilkerson
pKZnd8e8ER8|20200524|1694|Renew Relationship | Taylor Wilkerson
MgHhFJG93k8|20200511|2367|Mom: The Essential Worker | Kristen Wilkerson
LWkn2KbTuoY|20200426|1669|Plan For Pandemic | Taylor Wilkerson
twBXiZswjwU|20200503|988|Apples to Oranges | Kristen Wilkerson
FqRrU6Qrzqo|20200419|1149|When The Same Gets a New Name | Kristen Wilkerson
aHhsu-kQaSI|20200412|1501|Fix Your Focus | Taylor Wilkerson
qDqKSWIDF94|20200411|1143|I Just Can't Get Over It | Kristen Wilkerson
geIPknCisCg|20200405|1758|Palms or Peace | Taylor Wilkerson
7mVlefoZjyA|20200405|3159|Palm Sunday Full Service | Trinity Harlem
go5lQXElwc0|20200330|1711|Purpose on Pause | Kristen Wilkerson
EGvyffWKC3k|20200323|1572|Finding Peace in Pandemic | Taylor Wilkerson
k7XswEup_ac|20200317|2048|Quarantined Christianity | Taylor Wilkerson
GL3LnMZNoXk|20200316|3624|Quarantined Christianity | Trinity Harlem Online
fQ6C8z7CAbo|20200309|102|She Just Got Stronger | Church Girl Recap
-nBlkWJIMdw|20190901|280|Tom's Story | Connect Group Testimony
YEc6NiG1qJA|20190908|77|Trinity Harlem 2019 SZN 2 Serve Day Recap
_AoFS5ybh88|20190515|49|SHE'S SURROUNDED | Church Girl
Zjg8_6HIF6w|20190130|41|CHURCH GIRL SZN 1
oZ8i0euZd_c|20190325|89|SZN 1 #HEARTFORHARLEM Serve Day
Ov7XYSx6FmA|20181217|185|#HEARTFORHARLEM Check Giveaways
KLsgIC69yrQ|20181118|235|#HEARTFORHARLEM TC Kids
rDqDLps4tZ4|20181205|204|#HEARTFORHARLEM Sunday Building Restoration
l3RFo_0HKhg|20181115|149|Heart for Harlem Sunday
KhJkXWeQafM|20181112|52|#HeartforHarlem Harvest Festival 2018
mT2NBry7zpE|20181115|175|#HEARTFORHARLEM Offering: PlanBe_
L2Qf4ITdtCQ|20181016|93|CHURCH GIRL LAUNCH RECAP
hCmzxDKX0bQ|20180721|80|#HeartforHarlem: SERVE DAY -  7.18
LiDXDK4OCNM|20180910|268|The Robinsons and Schantzes - Pray First Testimony
8mfShIW5Gec|20180713|42|YOU BELONG
SPPTHrqMyOc|20180226|110|#HeartForHarlem: SERVE DAY - 2.18
vgPjjhGA2qI|20180403|55|#HeartforHarlem: SERVE DAY - 3.18
